Position,Name,Salary,GameInfo,AvgPointsPerGame,teamAbbrev
LW,Alex Ovechkin,8700,Was@Nsh 08:00PM ET,5.141,Was
G,Corey Crawford,8600,SJ@Chi 08:30PM ET,5.92,Chi
RW,Patrick Kane,8600,SJ@Chi 08:30PM ET,5.17,Chi
G,Braden Holtby,8500,Was@Nsh 08:00PM ET,5.386,Was
C,Tyler Seguin,8500,Dal@Min 08:00PM ET,4.859,Dal
G,Tuukka Rask,8400,LA@Bos 07:00PM ET,4.718,Bos
LW,Jamie Benn,8400,Dal@Min 08:00PM ET,4.707,Dal
G,Roberto Luongo,8300,Fla@Buf 07:00PM ET,5.205,Fla
G,Cory Schneider,8300,Edm@NJ 07:00PM ET,4.951,NJ
G,Brian Elliott,8200,Wpg@StL 08:00PM ET,4.526,StL
D,Brent Burns,8100,SJ@Chi 08:30PM ET,5.155,SJ
G,Jonathan Quick,8100,LA@Bos 07:00PM ET,4.524,LA
C,Joe Pavelski,7900,SJ@Chi 08:30PM ET,4.328,SJ
G,Semyon Varlamov,7800,Van@Col 09:00PM ET,4.656,Col
C,John Tavares,7800,NYI@Cls 07:00PM ET,3.861,NYI
G,Andrei Vasilevskiy,7800,TB@Mon 07:30PM ET,4.329,TB
G,Ben Bishop,7700,TB@Mon 07:30PM ET,4.58,TB
G,Thomas Greiss,7600,NYI@Cls 07:00PM ET,5.645,NYI
G,Scott Darling,7600,SJ@Chi 08:30PM ET,3.754,Chi
LW,Zach Parise,7500,Dal@Min 08:00PM ET,3.644,Min
G,Al Montoya,7500,Fla@Buf 07:00PM ET,4.846,Fla
G,Pekka Rinne,7500,Was@Nsh 08:00PM ET,3.622,Nsh
G,Karri Ramo,7500,Tor@Cgy 09:00PM ET,4.005,Cgy
G,Devan Dubnyk,7400,Dal@Min 08:00PM ET,4.126,Min
G,Steve Mason,7400,Anh@Phi 07:00PM ET,4.279,Phi
G,Michal Neuvirth,7400,Anh@Phi 07:00PM ET,5.571,Phi
RW,Vladimir Tarasenko,7400,Wpg@StL 08:00PM ET,4.204,StL
C,Patrice Bergeron,7300,LA@Bos 07:00PM ET,4.102,Bos
G,Jaroslav Halak,7300,NYI@Cls 07:00PM ET,4.062,NYI
G,Jake Allen,7300,Wpg@StL 08:00PM ET,4.897,StL
G,Frederik Andersen,7300,Anh@Phi 07:00PM ET,3.5,Anh
G,Connor Hellebuyck,7300,Wpg@StL 08:00PM ET,4.483,Wpg
G,Mike Condon,7300,TB@Mon 07:30PM ET,3.194,Mon
G,Jhonas Enroth,7200,LA@Bos 07:00PM ET,4.66,LA
G,Martin Jones,7200,SJ@Chi 08:30PM ET,4.405,SJ
G,Carter Hutton,7200,Was@Nsh 08:00PM ET,5.2,Nsh
G,Darcy Kuemper,7200,Dal@Min 08:00PM ET,3.957,Min
G,Ryan Miller,7100,Van@Col 09:00PM ET,4.051,Van
G,Carey Price,7100,TB@Mon 07:30PM ET,6.517,Mon
LW,Max Pacioretty,7100,TB@Mon 07:30PM ET,3.924,Mon
G,John Gibson,7100,Anh@Phi 07:00PM ET,4.583,Anh
LW,Johnny Gaudreau,7100,Tor@Cgy 09:00PM ET,3.853,Cgy
G,Jonathan Bernier,7000,Tor@Cgy 09:00PM ET,3.125,Tor
C,Claude Giroux,7000,Anh@Phi 07:00PM ET,3.7,Phi
G,Antti Niemi,7000,Dal@Min 08:00PM ET,4.256,Dal
C,Steven Stamkos,7000,TB@Mon 07:30PM ET,3.509,TB
G,Robin Lehner,7000,Fla@Buf 07:00PM ET,5.314,Buf
G,Cam Talbot,7000,Edm@NJ 07:00PM ET,3.577,Edm
G,Keith Kinkaid,7000,Edm@NJ 07:00PM ET,3.32,NJ
G,Kari Lehtonen,6900,Dal@Min 08:00PM ET,3.992,Dal
RW,Blake Wheeler,6900,Wpg@StL 08:00PM ET,4.033,Wpg
G,Curtis McElhinney,6900,NYI@Cls 07:00PM ET,1.938,Cls
G,James Reimer,6900,Tor@Cgy 09:00PM ET,4.548,Tor
G,Chad Johnson,6900,Fla@Buf 07:00PM ET,4.227,Buf
D,Roman Josi,6900,Was@Nsh 08:00PM ET,3.935,Nsh
G,Jacob Markstrom,6900,Van@Col 09:00PM ET,4.295,Van
G,Philipp Grubauer,6900,Was@Nsh 08:00PM ET,3.6,Was
LW,Patrick Sharp,6800,Dal@Min 08:00PM ET,3.549,Dal
D,Mark Giordano,6800,Tor@Cgy 09:00PM ET,3.934,Cgy
G,Jonas Gustavsson,6800,LA@Bos 07:00PM ET,4.36,Bos
G,Ben Scrivens,6800,TB@Mon 07:30PM ET,3.5,Mon
G,Sergei Bobrovsky,6800,NYI@Cls 07:00PM ET,4.044,Cls
LW,Taylor Hall,6800,Edm@NJ 07:00PM ET,4.375,Edm
G,Joonas Korpisalo,6800,NYI@Cls 07:00PM ET,4.547,Cls
C,Nicklas Backstrom,6700,Was@Nsh 08:00PM ET,3.551,Was
G,Jonas Hiller,6700,Tor@Cgy 09:00PM ET,3.08,Cgy
G,Alex Stalock,6700,SJ@Chi 08:30PM ET,2.5,SJ
C,Matt Duchene,6700,Van@Col 09:00PM ET,3.67,Col
G,Calvin Pickard,6700,Van@Col 09:00PM ET,3.564,Col
RW,Nikita Kucherov,6700,TB@Mon 07:30PM ET,3.569,TB
D,Dustin Byfuglien,6600,Wpg@StL 08:00PM ET,3.745,Wpg
RW,Wayne Simmonds,6600,Anh@Phi 07:00PM ET,3.22,Phi
C,Nathan MacKinnon,6600,Van@Col 09:00PM ET,4,Col
LW,Alexander Steen,6500,Wpg@StL 08:00PM ET,3.487,StL
RW,Corey Perry,6500,Anh@Phi 07:00PM ET,3.5,Anh
G,Ondrej Pavelec,6500,Wpg@StL 08:00PM ET,3.15,Wpg
D,Kevin Shattenkirk,6500,Wpg@StL 08:00PM ET,3.478,StL
G,Richard Bachman,6500,Van@Col 09:00PM ET,5.6,Van
C,Evgeny Kuznetsov,6500,Was@Nsh 08:00PM ET,3.725,Was
G,Linus Ullmark,6500,Fla@Buf 07:00PM ET,3.895,Buf
G,Reto Berra,6500,Van@Col 09:00PM ET,4.357,Col
LW,Artemi Panarin,6500,SJ@Chi 08:30PM ET,3.446,Chi
RW,Jakub Voracek,6400,Anh@Phi 07:00PM ET,3.553,Phi
LW,Brad Marchand,6400,LA@Bos 07:00PM ET,3.969,Bos
G,Jean-Francois Berube,6400,NYI@Cls 07:00PM ET,3.4,NYI
G,Anders Nilsson,6400,Edm@NJ 07:00PM ET,3.508,Edm
G,Anton Forsberg,6400,NYI@Cls 07:00PM ET,2.9,Cls
C,Connor McDavid,6400,Edm@NJ 07:00PM ET,3.618,Edm
LW,Daniel Sedin,6300,Van@Col 09:00PM ET,4.074,Van
C,Anze Kopitar,6300,LA@Bos 07:00PM ET,3.61,LA
C,Jonathan Toews,6300,SJ@Chi 08:30PM ET,3.227,Chi
G,Anton Khudobin,6300,Anh@Phi 07:00PM ET,2.933,Anh
D,P.K. Subban,6300,TB@Mon 07:30PM ET,3.5,Mon
G,Michael Hutchinson,6300,Wpg@StL 08:00PM ET,3.2,Wpg
C,Jason Spezza,6200,Dal@Min 08:00PM ET,3.388,Dal
D,Shea Weber,6200,Was@Nsh 08:00PM ET,3.741,Nsh
G,Niklas Backstrom,6200,Dal@Min 08:00PM ET,0,Min
D,John Carlson,6200,Was@Nsh 08:00PM ET,3.775,Was
LW,Evander Kane,6200,Fla@Buf 07:00PM ET,3.512,Buf
C,Aleksander Barkov,6200,Fla@Buf 07:00PM ET,3.418,Fla
D,Ryan Suter,6100,Dal@Min 08:00PM ET,3.596,Min
LW,James van Riemsdyk,6100,Tor@Cgy 09:00PM ET,3.182,Tor
G,Dustin Tokarski,6100,Anh@Phi 07:00PM ET,1.367,Anh
C,Ryan Johansen,6100,Was@Nsh 08:00PM ET,3.151,Nsh
D,John Klingberg,6100,Dal@Min 08:00PM ET,3.245,Dal
LW,Gabriel Landeskog,6100,Van@Col 09:00PM ET,3.235,Col
G,Antoine Bibeau,6100,Tor@Cgy 09:00PM ET,0,Tor
G,Jason LaBarbera,6000,Anh@Phi 07:00PM ET,0,Phi
G,Michael Leighton,6000,SJ@Chi 08:30PM ET,0,Chi
D,Duncan Keith,6000,SJ@Chi 08:30PM ET,3.293,Chi
G,Yann Danis,6000,Edm@NJ 07:00PM ET,0,NJ
G,Justin Peters,6000,Was@Nsh 08:00PM ET,0,Was
C,David Krejci,6000,LA@Bos 07:00PM ET,3.505,Bos
C,Logan Couture,6000,SJ@Chi 08:30PM ET,2.5,SJ
G,Mike McKenna,6000,Fla@Buf 07:00PM ET,0,Fla
D,Drew Doughty,6000,LA@Bos 07:00PM ET,3.283,LA
D,Victor Hedman,6000,TB@Mon 07:30PM ET,3.294,TB
RW,Tyler Toffoli,6000,LA@Bos 07:00PM ET,3.392,LA
G,John Muse,6000,Dal@Min 08:00PM ET,0,Dal
G,Christopher Gibson,6000,NYI@Cls 07:00PM ET,2.2,NYI
G,Jordan Binnington,6000,Wpg@StL 08:00PM ET,-0.4,StL
G,Joe Cannata,6000,Van@Col 09:00PM ET,0,Van
G,Malcolm Subban,6000,LA@Bos 07:00PM ET,0,Bos
G,Anthony Stolarz,6000,Anh@Phi 07:00PM ET,0,Phi
G,Jon Gillies,6000,Tor@Cgy 09:00PM ET,0,Cgy
G,Troy Grosenick,6000,SJ@Chi 08:30PM ET,0,SJ
C,Sean Monahan,6000,Tor@Cgy 09:00PM ET,3.112,Cgy
G,Juuse Saros,6000,Was@Nsh 08:00PM ET,1,Nsh
G,Kristers Gudlevskis,6000,TB@Mon 07:30PM ET,5.2,TB
G,Patrik Bartosak,6000,LA@Bos 07:00PM ET,0,LA
G,Pheonix Copley,6000,Wpg@StL 08:00PM ET,0,StL
G,Roman Will,6000,Van@Col 09:00PM ET,-0.6,Col
G,MacKenzie Blackwood,6000,Edm@NJ 07:00PM ET,0,NJ
RW,T.J. Oshie,5900,Was@Nsh 08:00PM ET,3.169,Was
RW,Kyle Okposo,5900,NYI@Cls 07:00PM ET,3.446,NYI
LW,Ryan O'Reilly,5900,Fla@Buf 07:00PM ET,3.3,Buf
D,Torey Krug,5900,LA@Bos 07:00PM ET,3.249,Bos
RW,Jaromir Jagr,5800,Fla@Buf 07:00PM ET,2.698,Fla
D,Alex Pietrangelo,5800,Wpg@StL 08:00PM ET,3.091,StL
RW,Brendan Gallagher,5800,TB@Mon 07:30PM ET,3.716,Mon
LW,Patrick Marleau,5700,SJ@Chi 08:30PM ET,3.069,SJ
D,Francois Beauchemin,5700,Van@Col 09:00PM ET,3.4,Col
C,Jeff Carter,5700,LA@Bos 07:00PM ET,3.385,LA
D,Brent Seabrook,5700,SJ@Chi 08:30PM ET,3.188,Chi
RW,James Neal,5700,Was@Nsh 08:00PM ET,3.402,Nsh
LW,Jonathan Huberdeau,5700,Fla@Buf 07:00PM ET,3.027,Fla
LW,Filip Forsberg,5700,Was@Nsh 08:00PM ET,3.272,Nsh
LW,Scott Hartnell,5600,NYI@Cls 07:00PM ET,2.99,Cls
C,Ryan Getzlaf,5600,Anh@Phi 07:00PM ET,2.754,Anh
C,Nazem Kadri,5600,Tor@Cgy 09:00PM ET,3.425,Tor
D,Tyson Barrie,5600,Van@Col 09:00PM ET,3.078,Col
LW,Brandon Saad,5600,NYI@Cls 07:00PM ET,3.255,Cls
D,Rasmus Ristolainen,5600,Fla@Buf 07:00PM ET,3.387,Buf
RW,Marian Hossa,5500,SJ@Chi 08:30PM ET,3,Chi
C,Frans Nielsen,5500,NYI@Cls 07:00PM ET,3.365,NYI
D,Erik Johnson,5500,Van@Col 09:00PM ET,3.426,Col
C,Jack Eichel,5500,Fla@Buf 07:00PM ET,3.245,Buf
RW,Jordan Eberle,5400,Edm@NJ 07:00PM ET,2.888,Edm
C,Joe Thornton,5300,SJ@Chi 08:30PM ET,2.951,SJ
D,Zdeno Chara,5300,LA@Bos 07:00PM ET,3.1,Bos
D,Johnny Boychuk,5300,NYI@Cls 07:00PM ET,2.963,NYI
RW,Loui Eriksson,5300,LA@Bos 07:00PM ET,3.183,Bos
C,Bryan Little,5300,Wpg@StL 08:00PM ET,3.106,Wpg
LW,Jaden Schwartz,5300,Wpg@StL 08:00PM ET,2.643,StL
C,Mark Scheifele,5300,Wpg@StL 08:00PM ET,3.036,Wpg
D,Shayne Gostisbehere,5300,Anh@Phi 07:00PM ET,3.379,Phi
C,Leon Draisaitl,5300,Edm@NJ 07:00PM ET,3.216,Edm
LW,Michael Cammalleri,5200,Edm@NJ 07:00PM ET,3.276,NJ
C,Jussi Jokinen,5200,Fla@Buf 07:00PM ET,2.875,Fla
D,Anton Stralman,5200,TB@Mon 07:30PM ET,2.559,TB
C,Tyler Johnson,5200,TB@Mon 07:30PM ET,2.159,TB
RW,Justin Williams,5100,Was@Nsh 08:00PM ET,3.206,Was
LW,Andrew Ladd,5100,Wpg@StL 08:00PM ET,2.831,Wpg
C,Artem Anisimov,5100,SJ@Chi 08:30PM ET,2.645,Chi
RW,Kyle Palmieri,5100,Edm@NJ 07:00PM ET,3.142,NJ
D,Jake Muzzin,5100,LA@Bos 07:00PM ET,3.118,LA
D,Matt Niskanen,5000,Was@Nsh 08:00PM ET,2.863,Was
D,Marc-Edouard Vlasic,5000,SJ@Chi 08:30PM ET,3.16,SJ
C,Carl Soderberg,5000,Van@Col 09:00PM ET,3.064,Col
D,Alexander Edler,5000,Van@Col 09:00PM ET,3,Van
D,Sami Vatanen,5000,Anh@Phi 07:00PM ET,2.84,Anh
C,Tomas Plekanec,4900,TB@Mon 07:30PM ET,3.13,Mon
C,Ryan Kesler,4900,Anh@Phi 07:00PM ET,3,Anh
LW,Nick Foligno,4900,NYI@Cls 07:00PM ET,2.625,Cls
C,Brock Nelson,4900,NYI@Cls 07:00PM ET,3.127,NYI
C,Boone Jenner,4900,NYI@Cls 07:00PM ET,3.157,Cls
C,Vincent Trocheck,4900,Fla@Buf 07:00PM ET,2.908,Fla
LW,Anders Lee,4900,NYI@Cls 07:00PM ET,2.461,NYI
D,Aaron Ekblad,4900,Fla@Buf 07:00PM ET,2.577,Fla
C,Henrik Sedin,4800,Van@Col 09:00PM ET,2.511,Van
RW,Lee Stempniak,4800,Edm@NJ 07:00PM ET,3.004,NJ
C,Paul Stastny,4800,Wpg@StL 08:00PM ET,2.737,StL
C,Ryan Spooner,4800,LA@Bos 07:00PM ET,2.877,Bos
C,Ryan Nugent-Hopkins,4800,Edm@NJ 07:00PM ET,2.765,Edm
D,Dougie Hamilton,4800,Tor@Cgy 09:00PM ET,2.559,Cgy
LW,Tomas Hertl,4800,SJ@Chi 08:30PM ET,2.92,SJ
RW,Radim Vrbata,4700,Van@Col 09:00PM ET,2.875,Van
RW,Drew Stafford,4700,Wpg@StL 08:00PM ET,2.837,Wpg
D,T.J. Brodie,4700,Tor@Cgy 09:00PM ET,2.774,Cgy
LW,Jason Zucker,4700,Dal@Min 08:00PM ET,2.48,Min
RW,Cam Atkinson,4700,NYI@Cls 07:00PM ET,3.187,Cls
RW,Reilly Smith,4700,Fla@Buf 07:00PM ET,2.817,Fla
RW,Marian Gaborik,4600,LA@Bos 07:00PM ET,2.429,LA
D,Dion Phaneuf,4600,Tor@Cgy 09:00PM ET,2.745,Tor
C,David Backes,4600,Wpg@StL 08:00PM ET,2.631,StL
D,Kris Russell,4600,Tor@Cgy 09:00PM ET,2.847,Cgy
RW,Joel Ward,4600,SJ@Chi 08:30PM ET,2.898,SJ
D,Alec Martinez,4600,LA@Bos 07:00PM ET,2.892,LA
D,Jared Spurgeon,4600,Dal@Min 08:00PM ET,2.798,Min
D,Morgan Rielly,4600,Tor@Cgy 09:00PM ET,2.765,Tor
D,Seth Jones,4600,NYI@Cls 07:00PM ET,2.236,Cls
C,Mikko Koivu,4500,Dal@Min 08:00PM ET,2.74,Min
D,Dennis Wideman,4500,Tor@Cgy 09:00PM ET,2.385,Cgy
LW,Benoit Pouliot,4500,Edm@NJ 07:00PM ET,2.573,Edm
D,Mark Streit,4500,Anh@Phi 07:00PM ET,2.359,Phi
D,Alex Goligoski,4500,Dal@Min 08:00PM ET,2.642,Dal
LW,Milan Lucic,4500,LA@Bos 07:00PM ET,2.33,LA
C,Adam Henrique,4500,Edm@NJ 07:00PM ET,2.891,NJ
C,Rickard Rakell,4500,Anh@Phi 07:00PM ET,2.734,Anh
LW,Ondrej Palat,4500,TB@Mon 07:30PM ET,2.229,TB
D,Colton Parayko,4500,Wpg@StL 08:00PM ET,2.683,StL
RW,Nikolaj Ehlers,4500,Wpg@StL 08:00PM ET,2.596,Wpg
RW,Jason Pominville,4400,Dal@Min 08:00PM ET,2.365,Min
LW,Thomas Vanek,4400,Dal@Min 08:00PM ET,2.5,Min
C,Brandon Dubinsky,4400,NYI@Cls 07:00PM ET,2.549,Cls
RW,Michael Frolik,4400,Tor@Cgy 09:00PM ET,2.744,Cgy
C,Tyler Bozak,4400,Tor@Cgy 09:00PM ET,2.717,Tor
D,Nick Leddy,4400,NYI@Cls 07:00PM ET,2.186,NYI
RW,Jakob Silfverberg,4400,Anh@Phi 07:00PM ET,2.442,Anh
C,Leo Komarov,4400,Tor@Cgy 09:00PM ET,2.755,Tor
RW,Ryan Callahan,4300,TB@Mon 07:30PM ET,2.314,TB
D,Andrej Sekera,4300,Edm@NJ 07:00PM ET,2.639,Edm
LW,David Perron,4300,Anh@Phi 07:00PM ET,2.392,Anh
C,Mathieu Perreault,4300,Wpg@StL 08:00PM ET,2.608,Wpg
D,Tyler Myers,4300,Wpg@StL 08:00PM ET,2.452,Wpg
C,Brayden Schenn,4300,Anh@Phi 07:00PM ET,2.653,Phi
C,Marcus Johansson,4300,Was@Nsh 08:00PM ET,2.587,Was
C,Nick Bjugstad,4300,Fla@Buf 07:00PM ET,2.31,Fla
C,Alex Galchenyuk,4300,TB@Mon 07:30PM ET,2.763,Mon
D,Hampus Lindholm,4300,Anh@Phi 07:00PM ET,2.48,Anh
LW,Andre Burakovsky,4300,Was@Nsh 08:00PM ET,1.98,Was
RW,Jarome Iginla,4200,Van@Col 09:00PM ET,2.536,Col
D,Andrei Markov,4200,TB@Mon 07:30PM ET,2.546,Mon
RW,Jiri Hudler,4200,Tor@Cgy 09:00PM ET,2.064,Cgy
D,Brooks Orpik,4200,Was@Nsh 08:00PM ET,1.656,Was
C,Brandon Sutter,4200,Van@Col 09:00PM ET,2.405,Van
LW,Matt Beleskey,4200,LA@Bos 07:00PM ET,2.43,Bos
D,Michael Del Zotto,4200,Anh@Phi 07:00PM ET,2.571,Phi
D,Ryan Ellis,4200,Was@Nsh 08:00PM ET,2.481,Nsh
D,Travis Hamonic,4200,NYI@Cls 07:00PM ET,2.427,NYI
C,Brandon Pirri,4200,Fla@Buf 07:00PM ET,2.275,Fla
D,Jacob Trouba,4200,Wpg@StL 08:00PM ET,2.452,Wpg
C,Sam Bennett,4200,Tor@Cgy 09:00PM ET,2.32,Cgy
LW,Jason Chimera,4100,Was@Nsh 08:00PM ET,2.52,Was
C,Tyler Ennis,4100,Fla@Buf 07:00PM ET,2.061,Buf
C,Mikael Granlund,4100,Dal@Min 08:00PM ET,2.365,Min
RW,Craig Smith,4100,Was@Nsh 08:00PM ET,2.283,Nsh
RW,Andrew Shaw,4100,SJ@Chi 08:30PM ET,2.125,Chi
RW,Pierre-Alexandre Parenteau,4000,Tor@Cgy 09:00PM ET,2.516,Tor
LW,Dustin Brown,4000,LA@Bos 07:00PM ET,2.412,LA
RW,Troy Brouwer,4000,Wpg@StL 08:00PM ET,2.176,StL
RW,Jannik Hansen,4000,Van@Col 09:00PM ET,2.469,Van
RW,Teddy Purcell,4000,Edm@NJ 07:00PM ET,2.55,Edm
C,Mikael Backlund,4000,Tor@Cgy 09:00PM ET,2.314,Cgy
D,Nick Holden,4000,Van@Col 09:00PM ET,2.145,Col
RW,Dale Weise,4000,TB@Mon 07:30PM ET,2.48,Mon
D,Marco Scandella,4000,Dal@Min 08:00PM ET,2.25,Min
D,Jeff Petry,4000,TB@Mon 07:30PM ET,2.368,Mon
D,Justin Braun,4000,SJ@Chi 08:30PM ET,2.459,SJ
D,David Savard,4000,NYI@Cls 07:00PM ET,2.615,Cls
D,Cam Fowler,4000,Anh@Phi 07:00PM ET,2.257,Anh
C,Charlie Coyle,4000,Dal@Min 08:00PM ET,2.596,Min
D,Oscar Klefbom,4000,Edm@NJ 07:00PM ET,2.677,Edm
C,Vladislav Namestnikov,4000,TB@Mon 07:30PM ET,2.069,TB
LW,Alex Killorn,4000,TB@Mon 07:30PM ET,2.225,TB
C,Sam Reinhart,4000,Fla@Buf 07:00PM ET,2.245,Buf
RW,David Pastrnak,4000,LA@Bos 07:00PM ET,2.1,Bos
D,Kevin Bieksa,3900,Anh@Phi 07:00PM ET,1.97,Anh
RW,Chris Stewart,3900,Anh@Phi 07:00PM ET,1.57,Anh
D,Karl Alzner,3900,Was@Nsh 08:00PM ET,2.461,Was
RW,Nino Niederreiter,3900,Dal@Min 08:00PM ET,2.135,Min
D,Mattias Ekholm,3900,Was@Nsh 08:00PM ET,2.142,Nsh
C,Sean Couturier,3900,Anh@Phi 07:00PM ET,2.464,Phi
C,Bo Horvat,3900,Van@Col 09:00PM ET,2.154,Van
D,Jack Johnson,3800,NYI@Cls 07:00PM ET,2.26,Cls
LW,Blake Comeau,3800,Van@Col 09:00PM ET,2.037,Col
LW,Josh Bailey,3800,NYI@Cls 07:00PM ET,1.906,NYI
D,Jason Demers,3800,Dal@Min 08:00PM ET,2.184,Dal
D,Calvin de Haan,3800,NYI@Cls 07:00PM ET,2.324,NYI
C,Cody Eakin,3800,Dal@Min 08:00PM ET,2.236,Dal
RW,Matt Read,3800,Anh@Phi 07:00PM ET,2.17,Phi
C,Ryan Strome,3800,NYI@Cls 07:00PM ET,2.085,NYI
RW,Nail Yakupov,3800,Edm@NJ 07:00PM ET,2.25,Edm
D,Matt Dumba,3800,Dal@Min 08:00PM ET,2.048,Min
LW,Teuvo Teravainen,3800,SJ@Chi 08:30PM ET,2,Chi
C,Mike Ribeiro,3700,Was@Nsh 08:00PM ET,1.991,Nsh
C,Mike Fisher,3700,Was@Nsh 08:00PM ET,1.94,Nsh
RW,Ales Hemsky,3700,Dal@Min 08:00PM ET,2.098,Dal
LW,Jamie McGinn,3700,Fla@Buf 07:00PM ET,2.085,Buf
D,Niklas Hjalmarsson,3700,SJ@Chi 08:30PM ET,2.152,Chi
D,Ryan Murray,3700,NYI@Cls 07:00PM ET,2.222,Cls
D,Justin Schultz,3700,Edm@NJ 07:00PM ET,1.936,Edm
C,Alexander Wennberg,3700,NYI@Cls 07:00PM ET,2.207,Cls
LW,Alex Tanguay,3600,Van@Col 09:00PM ET,1.663,Col
C,Vincent Lecavalier,3600,LA@Bos 07:00PM ET,1.321,LA
D,Brian Campbell,3600,Fla@Buf 07:00PM ET,1.923,Fla
C,Valtteri Filppula,3600,TB@Mon 07:30PM ET,1.949,TB
RW,Tommy Wingels,3600,SJ@Chi 08:30PM ET,1.961,SJ
RW,Jimmy Hayes,3600,LA@Bos 07:00PM ET,2.069,Bos
RW,Joonas Donskoi,3600,SJ@Chi 08:30PM ET,2.015,SJ
C,Joseph Blandisi,3600,Edm@NJ 07:00PM ET,2.5,NJ
RW,Valeri Nichushkin,3600,Dal@Min 08:00PM ET,1.843,Dal
D,Trevor van Riemsdyk,3600,SJ@Chi 08:30PM ET,1.83,Chi
C,Patrik Elias,3500,Edm@NJ 07:00PM ET,1.538,NJ
RW,Brian Gionta,3500,Fla@Buf 07:00PM ET,2.11,Buf
D,Jay Bouwmeester,3500,Wpg@StL 08:00PM ET,2.049,StL
LW,Joffrey Lupul,3500,Tor@Cgy 09:00PM ET,2.068,Tor
D,Dennis Seidenberg,3500,LA@Bos 07:00PM ET,2.041,Bos
C,Travis Zajac,3500,Edm@NJ 07:00PM ET,2.277,NJ
D,David Schlemko,3500,Edm@NJ 07:00PM ET,1.94,NJ
C,David Desharnais,3500,TB@Mon 07:30PM ET,1.954,Mon
D,Dmitry Orlov,3500,Was@Nsh 08:00PM ET,1.725,Was
C,Trevor Lewis,3400,LA@Bos 07:00PM ET,1.92,LA
D,Johnny Oduya,3400,Dal@Min 08:00PM ET,2.142,Dal
LW,Colin Wilson,3400,Was@Nsh 08:00PM ET,2.064,Nsh
D,Jake Gardiner,3400,Tor@Cgy 09:00PM ET,1.75,Tor
C,Jori Lehtera,3400,Wpg@StL 08:00PM ET,1.667,StL
D,Dmitry Kulikov,3400,Fla@Buf 07:00PM ET,1.74,Fla
C,Peter Holland,3400,Tor@Cgy 09:00PM ET,2.123,Tor
D,Christopher Tanev,3400,Van@Col 09:00PM ET,1.96,Van
D,Radko Gudas,3400,Anh@Phi 07:00PM ET,1.924,Phi
LW,Tanner Pearson,3400,LA@Bos 07:00PM ET,2.088,LA
D,Darnell Nurse,3400,Edm@NJ 07:00PM ET,2,Edm
LW,Tomas Fleischmann,3300,TB@Mon 07:30PM ET,1.87,Mon
C,Andrew Cogliano,3300,Anh@Phi 07:00PM ET,1.74,Anh
RW,Alexandre Burrows,3300,Van@Col 09:00PM ET,1.782,Van
C,Mikhail Grabovski,3300,NYI@Cls 07:00PM ET,2.039,NYI
C,Patrik Berglund,3300,Wpg@StL 08:00PM ET,1.867,StL
D,Jason Garrison,3300,TB@Mon 07:30PM ET,1.775,TB
LW,Matt Calvert,3300,NYI@Cls 07:00PM ET,1.733,Cls
LW,Micheal Ferland,3300,Tor@Cgy 09:00PM ET,1.488,Cgy
D,Adam Larsson,3300,Edm@NJ 07:00PM ET,1.896,NJ
D,Colin Miller,3300,LA@Bos 07:00PM ET,1.845,Bos
D,Nate Schmidt,3300,Was@Nsh 08:00PM ET,1.968,Was
C,Melker Karlsson,3300,SJ@Chi 08:30PM ET,1.917,SJ
D,Nick Schultz,3200,Anh@Phi 07:00PM ET,1.78,Phi
D,Cody Franson,3200,Fla@Buf 07:00PM ET,2,Buf
RW,Michael Grabner,3200,Tor@Cgy 09:00PM ET,1.6,Tor
D,Zach Bogosian,3200,Fla@Buf 07:00PM ET,1.889,Buf
LW,Dwight King,3200,LA@Bos 07:00PM ET,1.719,LA
RW,Zack Kassian,3200,Edm@NJ 07:00PM ET,2,Edm
RW,Brett Connolly,3200,LA@Bos 07:00PM ET,1.65,Bos
D,Kevan Miller,3200,LA@Bos 07:00PM ET,2,Bos
C,Zemgus Girgensons,3200,Fla@Buf 07:00PM ET,1.717,Buf
D,Erik Gustafsson,3200,SJ@Chi 08:30PM ET,1.654,Chi
C,Mattias Janmark,3200,Dal@Min 08:00PM ET,1.915,Dal
C,Robby Fabbri,3200,Wpg@StL 08:00PM ET,1.857,StL
D,Marek Zidlicky,3100,NYI@Cls 07:00PM ET,1.705,NYI
RW,Patrick Eaves,3100,Dal@Min 08:00PM ET,1.235,Dal
LW,Nikolay Kulemin,3100,NYI@Cls 07:00PM ET,1.559,NYI
LW,Patrick Maroon,3100,Anh@Phi 07:00PM ET,1.098,Anh
LW,Sven Baertschi,3100,Van@Col 09:00PM ET,1.815,Van
D,Nathan Beaulieu,3100,TB@Mon 07:30PM ET,1.885,Mon
RW,J.T. Brown,3100,TB@Mon 07:30PM ET,1.906,TB
C,Jonathan Marchessault,3100,TB@Mon 07:30PM ET,1.807,TB
RW,Tom Wilson,3100,Was@Nsh 08:00PM ET,1.618,Was
D,Ben Hutton,3100,Van@Col 09:00PM ET,1.894,Van
LW,Daniel Carr,3100,TB@Mon 07:30PM ET,2.025,Mon
C,Shawn Horcoff,3000,Anh@Phi 07:00PM ET,1.589,Anh
D,Paul Martin,3000,SJ@Chi 08:30PM ET,1.59,SJ
C,John Mitchell,3000,Van@Col 09:00PM ET,1.827,Col
LW,Daniel Winnik,3000,Tor@Cgy 09:00PM ET,1.61,Tor
D,Andy Greene,3000,Edm@NJ 07:00PM ET,1.726,NJ
D,Roman Polak,3000,Tor@Cgy 09:00PM ET,1.9,Tor
D,Toby Enstrom,3000,Wpg@StL 08:00PM ET,1.442,Wpg
C,Sam Gagner,3000,Anh@Phi 07:00PM ET,1.231,Phi
C,Lars Eller,3000,TB@Mon 07:30PM ET,1.856,Mon
C,Joe Colborne,3000,Tor@Cgy 09:00PM ET,1.893,Cgy
D,Cody Goloubef,3000,NYI@Cls 07:00PM ET,1.86,Cls
LW,Antoine Roussel,3000,Dal@Min 08:00PM ET,1.721,Dal
LW,Matt Nieto,3000,SJ@Chi 08:30PM ET,1.592,SJ
LW,Michael Raffl,3000,Anh@Phi 07:00PM ET,1.578,Phi
LW,Viktor Arvidsson,3000,Was@Nsh 08:00PM ET,1.946,Nsh
LW,Matt Moulson,2900,Fla@Buf 07:00PM ET,1.475,Buf
C,Shawn Matthias,2900,Tor@Cgy 09:00PM ET,1.64,Tor
RW,David Jones,2900,Tor@Cgy 09:00PM ET,1.598,Cgy
D,Thomas Hickey,2900,NYI@Cls 07:00PM ET,1.688,NYI
LW,Richard Panik,2900,SJ@Chi 08:30PM ET,1.773,Chi
LW,Lance Bouma,2900,Tor@Cgy 09:00PM ET,1.088,Cgy
RW,Stanislav Galiev,2900,Was@Nsh 08:00PM ET,0.462,Was
D,Brayden McNabb,2900,LA@Bos 07:00PM ET,1.65,LA
D,Damon Severson,2900,Edm@NJ 07:00PM ET,1.52,NJ
LW,Kerby Rychel,2900,NYI@Cls 07:00PM ET,1.522,Cls
D,Michal Rozsival,2800,SJ@Chi 08:30PM ET,1.157,Chi
C,Derek MacKenzie,2800,Fla@Buf 07:00PM ET,1.337,Fla
D,Christian Ehrhoff,2800,LA@Bos 07:00PM ET,1.42,LA
D,Dan Hamhuis,2800,Van@Col 09:00PM ET,1.586,Van
RW,David Clarkson,2800,NYI@Cls 07:00PM ET,0.889,Cls
C,Dave Bolland,2800,Fla@Buf 07:00PM ET,0.679,Fla
D,Adam McQuaid,2800,LA@Bos 07:00PM ET,1.513,Bos
C,Mark Letestu,2800,Edm@NJ 07:00PM ET,1.565,Edm
C,Jay Beagle,2800,Was@Nsh 08:00PM ET,1.667,Was
C,Colton Sceviour,2800,Dal@Min 08:00PM ET,1.813,Dal
C,Paul Byron,2800,TB@Mon 07:30PM ET,1.487,Mon
C,Jacob Josefson,2800,Edm@NJ 07:00PM ET,1.729,NJ
D,Simon Despres,2800,Anh@Phi 07:00PM ET,1.5,Anh
LW,Marcus Foligno,2800,Fla@Buf 07:00PM ET,1.12,Buf
D,Eric Gelinas,2800,Edm@NJ 07:00PM ET,1.138,NJ
D,Alex Petrovic,2800,Fla@Buf 07:00PM ET,1.378,Fla
C,Calle Jarnkrok,2800,Was@Nsh 08:00PM ET,1.712,Nsh
D,Brandon Davidson,2800,Edm@NJ 07:00PM ET,1.793,Edm
D,Zach Trotman,2800,LA@Bos 07:00PM ET,1.554,Bos
D,Mark Fayne,2800,Edm@NJ 07:00PM ET,1.239,Edm
D,Brenden Dillon,2800,SJ@Chi 08:30PM ET,1.48,SJ
C,Ryan Garbutt,2800,Anh@Phi 07:00PM ET,1.422,Anh
C,Mikhail Grigorenko,2800,Van@Col 09:00PM ET,1.35,Col
D,Adam Pelech,2800,NYI@Cls 07:00PM ET,1.45,NYI
LW,Jonathan Drouin,2800,TB@Mon 07:30PM ET,1.056,TB
C,Jared McCann,2800,Van@Col 09:00PM ET,1.514,Van
LW,Raffi Torres,2700,SJ@Chi 08:30PM ET,0,SJ
C,Vernon Fiddler,2700,Dal@Min 08:00PM ET,1.623,Dal
RW,Brad Boyes,2700,Tor@Cgy 09:00PM ET,1.385,Tor
C,Gregory Campbell,2700,NYI@Cls 07:00PM ET,1.046,Cls
D,Braydon Coburn,2700,TB@Mon 07:30PM ET,1.471,TB
C,Brian Boyle,2700,TB@Mon 07:30PM ET,1.729,TB
D,Josh Gorges,2700,Fla@Buf 07:00PM ET,1.76,Buf
LW,Lauri Korpikoski,2700,Edm@NJ 07:00PM ET,1.859,Edm
D,Clayton Stoner,2700,Anh@Phi 07:00PM ET,1.039,Anh
RW,Cal Clutterbuck,2700,NYI@Cls 07:00PM ET,1.56,NYI
D,Matt Hunwick,2700,Tor@Cgy 09:00PM ET,1.608,Tor
C,Mike Santorelli,2700,Anh@Phi 07:00PM ET,1.278,Anh
RW,Ryan White,2700,Anh@Phi 07:00PM ET,1.548,Phi
D,Luke Schenn,2700,LA@Bos 07:00PM ET,1.375,LA
D,John Moore,2700,Edm@NJ 07:00PM ET,1.656,NJ
D,Steven Kampfer,2700,Fla@Buf 07:00PM ET,0.857,Fla
D,Eric Gryba,2700,Edm@NJ 07:00PM ET,1.481,Edm
D,Jon Merrill,2700,Edm@NJ 07:00PM ET,0.902,NJ
D,Dalton Prout,2700,NYI@Cls 07:00PM ET,1.103,Cls
RW,Linden Vey,2700,Van@Col 09:00PM ET,1.622,Van
D,Alexei Emelin,2700,TB@Mon 07:30PM ET,1.281,Mon
D,Joe Morrow,2700,LA@Bos 07:00PM ET,0.968,Bos
C,Phillip Danault,2700,SJ@Chi 08:30PM ET,1.543,Chi
C,William Karlsson,2700,NYI@Cls 07:00PM ET,1.5,Cls
LW,Reid Boucher,2700,Edm@NJ 07:00PM ET,1.564,NJ
D,Josh Manson,2700,Anh@Phi 07:00PM ET,1.513,Anh
RW,Iiro Pakarinen,2700,Edm@NJ 07:00PM ET,1.122,Edm
C,Brian Flynn,2700,TB@Mon 07:30PM ET,1.439,Mon
C,Scott Laughton,2700,Anh@Phi 07:00PM ET,1.471,Phi
D,Jake McCabe,2700,Fla@Buf 07:00PM ET,1.37,Buf
D,Evgeny Medvedev,2700,Anh@Phi 07:00PM ET,1.523,Phi
LW,Pierre-Edouard Bellemare,2700,Anh@Phi 07:00PM ET,1.419,Phi
D,Stephane Robidas,2600,Tor@Cgy 09:00PM ET,0,Tor
D,Brad Stuart,2600,Van@Col 09:00PM ET,0.389,Col
C,R.J. Umberger,2600,Anh@Phi 07:00PM ET,0.987,Phi
D,Tom Gilbert,2600,TB@Mon 07:30PM ET,1.417,Mon
C,Brooks Laich,2600,Was@Nsh 08:00PM ET,0.99,Was
C,Matt Stajan,2600,Tor@Cgy 09:00PM ET,1.167,Cgy
D,Deryk Engelland,2600,Tor@Cgy 09:00PM ET,1.216,Cgy
LW,Tyler Kennedy,2600,Edm@NJ 07:00PM ET,0.883,NJ
C,Ryan Carter,2600,Dal@Min 08:00PM ET,1.193,Min
RW,Mike Brown,2600,SJ@Chi 08:30PM ET,0.744,SJ
D,Andrew Bodnarchuk,2600,Van@Col 09:00PM ET,0.74,Col
D,Luca Sbisa,2600,Van@Col 09:00PM ET,1.537,Van
LW,Andrew Desjardins,2600,SJ@Chi 08:30PM ET,1.396,Chi
D,Carl Gunnarsson,2600,Wpg@StL 08:00PM ET,1.469,StL
D,Jordie Benn,2600,Dal@Min 08:00PM ET,1.511,Dal
D,Korbinian Holzer,2600,Anh@Phi 07:00PM ET,0.708,Anh
D,Mark Barberio,2600,TB@Mon 07:30PM ET,1.235,Mon
D,Ben Chiarot,2600,Wpg@StL 08:00PM ET,1.177,Wpg
C,Marcus Kruger,2600,SJ@Chi 08:30PM ET,0.986,Chi
D,Erik Gudbranson,2600,Fla@Buf 07:00PM ET,1.317,Fla
RW,Emerson Etem,2600,Van@Col 09:00PM ET,1.208,Van
D,Patrik Nemeth,2600,Dal@Min 08:00PM ET,0.75,Dal
D,Zach Redmond,2600,Van@Col 09:00PM ET,0.952,Col
D,Jonas Brodin,2600,Dal@Min 08:00PM ET,1.382,Min
RW,Joel Armia,2600,Wpg@StL 08:00PM ET,0.885,Wpg
D,Adam Clendening,2600,Edm@NJ 07:00PM ET,0.519,Edm
C,Markus Granlund,2600,Tor@Cgy 09:00PM ET,1.259,Cgy
D,Joel Edmundson,2600,Wpg@StL 08:00PM ET,1.267,StL
C,Adam Lowry,2600,Wpg@StL 08:00PM ET,1.398,Wpg
C,Nick Cousins,2600,Anh@Phi 07:00PM ET,0.917,Phi
D,Nikita Nesterov,2600,TB@Mon 07:30PM ET,1.061,TB
D,Dylan DeMelo,2600,SJ@Chi 08:30PM ET,0.839,SJ
D,Slater Koekkoek,2600,TB@Mon 07:30PM ET,0.5,TB
C,Radek Faksa,2600,Dal@Min 08:00PM ET,1.316,Dal
C,Chris Tierney,2600,SJ@Chi 08:30PM ET,1.673,SJ
C,Cedric Paquette,2600,TB@Mon 07:30PM ET,0.948,TB
C,Erik Haula,2600,Dal@Min 08:00PM ET,1.27,Min
C,Josh Jooris,2600,Tor@Cgy 09:00PM ET,1.303,Cgy
C,Dainius Zubrus,2500,SJ@Chi 08:30PM ET,0.977,SJ
C,Olli Jokinen,2500,Wpg@StL 08:00PM ET,0,StL
C,David Legwand,2500,Fla@Buf 07:00PM ET,0.885,Buf
LW,Eric Boulton,2500,NYI@Cls 07:00PM ET,0,NYI
D,Andrew Ference,2500,Edm@NJ 07:00PM ET,0.265,Edm
D,Barret Jackman,2500,Was@Nsh 08:00PM ET,1.179,Nsh
D,Willie Mitchell,2500,Fla@Buf 07:00PM ET,1.446,Fla
C,Jarret Stoll,2500,Dal@Min 08:00PM ET,1.047,Min
LW,Eric Nystrom,2500,Was@Nsh 08:00PM ET,1.138,Nsh
RW,Scottie Upshall,2500,Wpg@StL 08:00PM ET,1.185,StL
RW,Jordin Tootoo,2500,Edm@NJ 07:00PM ET,1.163,NJ
D,Fedor Tyutin,2500,NYI@Cls 07:00PM ET,0.696,Cls
D,Carlo Colaiacovo,2500,Fla@Buf 07:00PM ET,0.763,Buf
LW,Shawn Thornton,2500,Fla@Buf 07:00PM ET,0.418,Fla
LW,Travis Moen,2500,Dal@Min 08:00PM ET,0.481,Dal
C,Paul Gaustad,2500,Was@Nsh 08:00PM ET,0.978,Nsh
D,Rob Scuderi,2500,SJ@Chi 08:30PM ET,0.851,Chi
LW,Tuomo Ruutu,2500,Edm@NJ 07:00PM ET,0.45,NJ
D,Matt Greene,2500,LA@Bos 07:00PM ET,0.667,LA
D,Nate Guenin,2500,Van@Col 09:00PM ET,0.551,Col
RW,Steve Bernier,2500,NYI@Cls 07:00PM ET,0.769,NYI
D,Mark Stuart,2500,Wpg@StL 08:00PM ET,1.298,Wpg
C,Mike Richards,2500,Was@Nsh 08:00PM ET,0.292,Was
D,Matthew Carle,2500,TB@Mon 07:30PM ET,0.841,TB
RW,Chris Thorburn,2500,Wpg@StL 08:00PM ET,1.106,Wpg
C,Max Talbot,2500,LA@Bos 07:00PM ET,1.088,Bos
LW,Ryane Clowe,2500,Edm@NJ 07:00PM ET,0,NJ
C,Kyle Brodziak,2500,Wpg@StL 08:00PM ET,0.644,StL
RW,Rene Bourque,2500,NYI@Cls 07:00PM ET,1.348,Cls
D,Ladislav Smid,2500,Tor@Cgy 09:00PM ET,0.712,Cgy
C,Nate Thompson,2500,Anh@Phi 07:00PM ET,1.068,Anh
RW,Jack Skille,2500,Van@Col 09:00PM ET,1.409,Col
D,Matt Lashoff,2500,TB@Mon 07:30PM ET,0,Mon
RW,Adam Cracknell,2500,Van@Col 09:00PM ET,1.087,Van
RW,Mike Blunden,2500,TB@Mon 07:30PM ET,1.45,TB
C,Cody Bass,2500,Was@Nsh 08:00PM ET,0.542,Nsh
RW,Jiri Tlusty,2500,Edm@NJ 07:00PM ET,1.109,NJ
D,Adam Pardy,2500,Wpg@StL 08:00PM ET,0.31,Wpg
D,Kyle Cumiskey,2500,SJ@Chi 08:30PM ET,0,Chi
LW,Cody McLeod,2500,Van@Col 09:00PM ET,1.173,Col
C,Cal O'Reilly,2500,Fla@Buf 07:00PM ET,0.5,Buf
RW,Torrey Mitchell,2500,TB@Mon 07:30PM ET,1.535,Mon
RW,Jared Boll,2500,NYI@Cls 07:00PM ET,0.44,Cls
RW,Derek Dorsett,2500,Van@Col 09:00PM ET,1.394,Van
RW,Ryan Reaves,2500,Wpg@StL 08:00PM ET,0.415,StL
LW,Matt Hendricks,2500,Edm@NJ 07:00PM ET,1.463,Edm
D,Mike Weber,2500,Fla@Buf 07:00PM ET,0.917,Buf
LW,Chris Porter,2500,Dal@Min 08:00PM ET,0.673,Min
C,Jesse Winchester,2500,Van@Col 09:00PM ET,0,Col
C,Stephen Gionta,2500,Edm@NJ 07:00PM ET,0.943,NJ
D,Taylor Chorney,2500,Was@Nsh 08:00PM ET,0.891,Was
C,Nick Spaling,2500,Tor@Cgy 09:00PM ET,0.922,Tor
D,Justin Falk,2500,NYI@Cls 07:00PM ET,1.386,Cls
LW,Brandon Mashinter,2500,SJ@Chi 08:30PM ET,0.382,Chi
RW,Anthony Peluso,2500,Wpg@StL 08:00PM ET,0.473,Wpg
D,Jamie McBain,2500,LA@Bos 07:00PM ET,1.205,LA
D,Paul Postma,2500,Wpg@StL 08:00PM ET,0.06,Wpg
LW,Magnus Paajarvi,2500,Wpg@StL 08:00PM ET,1.429,StL
RW,Jordan Caron,2500,Wpg@StL 08:00PM ET,0.083,StL
RW,Erik Condra,2500,TB@Mon 07:30PM ET,0.929,TB
D,Brent Regner,2500,Fla@Buf 07:00PM ET,1,Fla
D,Brian Strait,2500,NYI@Cls 07:00PM ET,1.025,NYI
LW,Zac Rinaldo,2500,LA@Bos 07:00PM ET,0.685,Bos
LW,Matt Martin,2500,NYI@Cls 07:00PM ET,1.235,NYI
D,Robert Bortuzzo,2500,Wpg@StL 08:00PM ET,0.891,StL
LW,Kyle Clifford,2500,LA@Bos 07:00PM ET,0.741,LA
C,Casey Cizikas,2500,NYI@Cls 07:00PM ET,1.529,NYI
D,Nate Prosser,2500,Dal@Min 08:00PM ET,0.844,Min
LW,Brandon Bollig,2500,Tor@Cgy 09:00PM ET,0.712,Cgy
C,Chris VandeVelde,2500,Anh@Phi 07:00PM ET,1.314,Phi
C,Michael Latta,2500,Was@Nsh 08:00PM ET,0.767,Was
RW,Gabriel Bourque,2500,Was@Nsh 08:00PM ET,1.477,Nsh
D,Matt Bartkowski,2500,Van@Col 09:00PM ET,1.265,Van
D,Alex Biega,2500,Van@Col 09:00PM ET,1.241,Van
C,Landon Ferraro,2500,LA@Bos 07:00PM ET,1.155,Bos
C,Jordan Nolan,2500,LA@Bos 07:00PM ET,0.696,LA
C,Alex Burmistrov,2500,Wpg@StL 08:00PM ET,1.346,Wpg
LW,Austin Watson,2500,Was@Nsh 08:00PM ET,1.033,Nsh
D,Mark Pysyk,2500,Fla@Buf 07:00PM ET,0.9,Buf
C,Quinton Howden,2500,Fla@Buf 07:00PM ET,1.02,Fla
RW,Tyler Pitlick,2500,Edm@NJ 07:00PM ET,0,Edm
RW,Devante Smith-Pelly,2500,TB@Mon 07:30PM ET,1.222,Mon
D,Martin Marincin,2500,Tor@Cgy 09:00PM ET,0.598,Tor
LW,Johan Larsson,2500,Fla@Buf 07:00PM ET,1.038,Buf
C,Jordan Weal,2500,Anh@Phi 07:00PM ET,0.045,Phi
D,Petter Granberg,2500,Was@Nsh 08:00PM ET,0.462,Nsh
RW,Chris Wagner,2500,Van@Col 09:00PM ET,1.194,Col
D,Anthony Bitetto,2500,Was@Nsh 08:00PM ET,0.4,Nsh
LW,Harry Zolnierczyk,2500,Anh@Phi 07:00PM ET,0,Anh
C,Ben Street,2500,Van@Col 09:00PM ET,0.75,Col
RW,Tyler Randell,2500,LA@Bos 07:00PM ET,0.574,Bos
RW,Justin Fontaine,2500,Dal@Min 08:00PM ET,1.129,Min
C,Anton Lander,2500,Edm@NJ 07:00PM ET,0.67,Edm
C,Byron Froese,2500,Tor@Cgy 09:00PM ET,1.012,Tor
LW,Nicolas Deslauriers,2500,Fla@Buf 07:00PM ET,0.976,Buf
D,Jamie Oleksiak,2500,Dal@Min 08:00PM ET,0.615,Dal
D,Scott Mayfield,2500,NYI@Cls 07:00PM ET,0.375,NYI
RW,Dmitrij Jaskin,2500,Wpg@StL 08:00PM ET,1.269,StL
RW,Miikka Salomaki,2500,Was@Nsh 08:00PM ET,1.068,Nsh
LW,Lucas Lessio,2500,TB@Mon 07:30PM ET,0,Mon
RW,Logan Shaw,2500,Fla@Buf 07:00PM ET,1.323,Fla
C,Daniel Catenacci,2500,Fla@Buf 07:00PM ET,1,Buf
LW,Andy Andreoff,2500,LA@Bos 07:00PM ET,0.674,LA
C,Nick Shore,2500,LA@Bos 07:00PM ET,1.15,LA
D,Frank Corrado,2500,Tor@Cgy 09:00PM ET,0.3,Tor
C,Tyler Graovac,2500,Dal@Min 08:00PM ET,0.333,Min
D,Jyrki Jokipakka,2500,Dal@Min 08:00PM ET,1,Dal
D,Brandon Manning,2500,Anh@Phi 07:00PM ET,1.105,Phi
D,Greg Pateryn,2500,TB@Mon 07:30PM ET,0.379,Mon
D,Matt Tennyson,2500,SJ@Chi 08:30PM ET,0.867,SJ
C,Jeremy Welsh,2500,Wpg@StL 08:00PM ET,0,StL
C,Paul Carey,2500,Was@Nsh 08:00PM ET,1.5,Was
RW,Bobby Farnham,2500,Edm@NJ 07:00PM ET,1.309,NJ
D,Griffin Reinhart,2500,Edm@NJ 07:00PM ET,1.139,Edm
LW,Stefan Matteau,2500,Edm@NJ 07:00PM ET,0.457,NJ
C,Devin Shore,2500,Dal@Min 08:00PM ET,0.125,Dal
RW,Josh Anderson,2500,NYI@Cls 07:00PM ET,1.3,Cls
D,Connor Carrick,2500,Was@Nsh 08:00PM ET,0.417,Was
D,Jaycob Megna,2500,Anh@Phi 07:00PM ET,0,Anh
D,Andrej Sustr,2500,TB@Mon 07:30PM ET,1.347,TB
D,Seth Helgeson,2500,Edm@NJ 07:00PM ET,0.5,NJ
C,Corban Knight,2500,Fla@Buf 07:00PM ET,1.071,Fla
RW,Sven Andrighetto,2500,TB@Mon 07:30PM ET,1.343,Mon
D,Chris Bigras,2500,Van@Col 09:00PM ET,0.682,Col
D,Gustav Olofsson,2500,Dal@Min 08:00PM ET,0.167,Min
RW,J.C. Lipon,2500,Wpg@StL 08:00PM ET,0.25,Wpg
C,Andrew Copp,2500,Wpg@StL 08:00PM ET,0.592,Wpg
RW,Joel Vermin,2500,TB@Mon 07:30PM ET,0.438,TB
D,Christian Folin,2500,Dal@Min 08:00PM ET,0.861,Min
C,Dennis Rasmussen,2500,SJ@Chi 08:30PM ET,1.31,Chi
RW,Jake Virtanen,2500,Van@Col 09:00PM ET,1.25,Van
LW,Jakub Vrana,2500,Was@Nsh 08:00PM ET,0,Was
LW,Jiri Sekac,2500,SJ@Chi 08:30PM ET,0.982,Chi
LW,Andreas Martinsen,2500,Van@Col 09:00PM ET,1.244,Col
D,Jakub Nakladal,2500,Tor@Cgy 09:00PM ET,0,Cgy
RW,Sergey Kalinin,2500,Edm@NJ 07:00PM ET,1.088,NJ
LW,Paul Bittner,2500,NYI@Cls 07:00PM ET,0,Cls
